route_id,from_place,to_place,distance_km,travel_time_hours,travel_cost
R001,Chennai,Mahabalipuram,60,1.5,180
R002,Mahabalipuram,Pondicherry,100,2.2,300
R003,Chennai,Pondicherry,150,3.2,700
R004,Chennai,Bengaluru,350,6.5,900
R005,Chennai,Tirupati,135,3.0,500
R006,Chennai,Vijayawada,450,8.0,1100
R007,Bengaluru,Mysuru,145,3.0,150
R008,Bengaluru,Coimbatore,365,6.5,600
R009,Bengaluru,Hyderabad,570,9.0,1300
R010,Mysuru,Ooty,125,3.5,300
R011,Mysuru,Coimbatore,200,4.5,200
R012,Coimbatore,Ooty,85,3.0,250
R013,Coimbatore,Kochi,190,4.5,500
R014,Coimbatore,Madurai,215,4.0,350
R015,Madurai,Rameswaram,175,3.5,400
R016,Madurai,Kanyakumari,245,4.5,600
R017,Kanyakumari,Thiruvananthapuram,90,2.0,250
R018,Thiruvananthapuram,Kochi,205,4.5,500
R019,Kochi,Munnar,130,4.0,350
R020,Munnar,Madurai,160,4.5,400
R021,Hyderabad,Vijayawada,275,5.0,650
R022,Vijayawada,Visakhapatnam,350,6.5,850
R023,Hyderabad,Nagpur,500,8.0,1100
R024,Tirupati,Bengaluru,250,4.5,400
R025,Nagpur,Bhopal,350,6.0,750
R026,Nagpur,Raipur,290,5.0,650
R027,Nagpur,Hyderabad,500,8.0,1100
R028,Mumbai,Pune,150,3.0,400
R029,Mumbai,Surat,285,5.0,700
R030,Mumbai,Goa,590,10.0,1400
R031,Pune,Goa,450,8.0,1000
R032,Pune,Hyderabad,560,9.0,1200
R033,Surat,Ahmedabad,265,4.5,600
R034,Ahmedabad,Udaipur,260,4.5,600
R035,Udaipur,Jodhpur,250,4.5,550
R036,Udaipur,Jaipur,395,6.5,850
R037,Jodhpur,Jaipur,335,5.5,750
R038,Jaipur,Delhi,280,5.0,650
R039,Jaipur,Agra,240,4.5,600
R040,Delhi,Agra,235,4.0,550
R041,Delhi,Amritsar,450,7.0,1000
R042,Delhi,Shimla,345,7.0,850
R043,Delhi,Dehradun,250,5.0,600
R044,Dehradun,Haridwar,55,1.5,150
R045,Haridwar,Shimla,300,7.0,750
R046,Shimla,Manali,250,7.0,700
R047,Amritsar,Srinagar,430,8.0,1000
R048,Manali,Leh,430,10.0,1200
R049,Srinagar,Leh,420,10.0,1300
R050,Delhi,Lucknow,555,8.0,1200
R051,Agra,Lucknow,335,5.5,750
R052,Lucknow,Ayodhya,135,2.5,300
R053,Ayodhya,Varanasi,220,4.0,500
R054,Lucknow,Varanasi,315,5.5,700
R055,Varanasi,Khajuraho,405,7.5,900
R056,Khajuraho,Bhopal,375,6.5,800
R057,Bhopal,Indore,195,3.5,450
R058,Indore,Mumbai,585,9.5,1250
R059,Bhopal,Raipur,460,8.0,950
R060,Raipur,Visakhapatnam,550,9.0,1150
R061,Raipur,Bhubaneswar,550,9.0,1100
R062,Visakhapatnam,Bhubaneswar,445,7.5,900
R063,Bhubaneswar,Puri,65,1.5,180
R064,Bhubaneswar,Kolkata,440,7.5,950
R065,Kolkata,Ranchi,400,7.0,850
R066,Ranchi,Patna,330,6.0,700
R067,Patna,Varanasi,260,5.0,600
R068,Patna,Kolkata,575,9.0,1200
R069,Kolkata,Guwahati,1050,17.0,2200
R070,Guwahati,Shillong,100,3.0,300
R071,Guwahati,Darjeeling,500,10.0,1200
R072,Darjeeling,Kolkata,620,12.0,1400
R073,Puri,Kolkata,500,9.0,1100
R074,Pondicherry,Bengaluru,310,6.0,750
R075,Pondicherry,Madurai,330,6.0,1100
R076,Chennai,Hyderabad,630,10.0,1400
R077,Madurai,Kochi,275,5.5,650
R078,Mysuru,Kochi,300,6.5,750
R079,Bengaluru,Mumbai,985,15.0,2100
R080,Ahmedabad,Mumbai,530,8.5,1150
R081,Ahmedabad,Jaipur,660,10.5,1400
R082,Delhi,Bhopal,750,12.0,1600
R083,Delhi,Varanasi,820,13.0,1750
R084,Lucknow,Patna,535,9.0,1100
R085,Visakhapatnam,Kolkata,880,14.0,1850
R086,Madurai,Chennai,500,6.0,1750
